,,Bias,Bias,Bias,Bias,Bias,Bias,Bias,Bias,Coupling,Coupling,Coupling,Coupling,Coupling,Coupling,Coupling,Coupling,Laplacian,Laplacian,Laplacian,Laplacian,Laplacian,Laplacian,Laplacian,Laplacian,StructAdj,StructAdj,StructAdj,StructAdj,StructAdj,StructAdj,StructAdj,StructAdj,StructLap,StructLap,StructLap,StructLap,StructLap,StructLap,StructLap,StructLap,MatStruct,MatStruct,MatStruct,MatStruct,MatStruct,MatStruct,MatStruct,MatStruct,LogIsing,LogIsing,LogIsing,LogIsing,LogIsing,LogIsing,LogIsing,LogIsing,EmbIsing,EmbIsing,EmbIsing,EmbIsing,EmbIsing,EmbIsing,EmbIsing,EmbIsing
,,random_forest,random_forest,ada_boost,ada_boost,xg_boost,xg_boost,logistic_regression,logistic_regression,random_forest,random_forest,ada_boost,ada_boost,xg_boost,xg_boost,logistic_regression,logistic_regression,random_forest,random_forest,ada_boost,ada_boost,xg_boost,xg_boost,logistic_regression,logistic_regression,random_forest,random_forest,ada_boost,ada_boost,xg_boost,xg_boost,logistic_regression,logistic_regression,random_forest,random_forest,ada_boost,ada_boost,xg_boost,xg_boost,logistic_regression,logistic_regression,random_forest,random_forest,ada_boost,ada_boost,xg_boost,xg_boost,logistic_regression,logistic_regression,random_forest,random_forest,ada_boost,ada_boost,xg_boost,xg_boost,logistic_regression,logistic_regression,random_forest,random_forest,ada_boost,ada_boost,xg_boost,xg_boost,logistic_regression,logistic_regression
,,balanced_accuracy,balanced_accuracy_std,balanced_accuracy,balanced_accuracy_std,balanced_accuracy,balanced_accuracy_std,balanced_accuracy,balanced_accuracy_std,balanced_accuracy,balanced_accuracy_std,balanced_accuracy,balanced_accuracy_std,balanced_accuracy,balanced_accuracy_std,balanced_accuracy,balanced_accuracy_std,balanced_accuracy,balanced_accuracy_std,balanced_accuracy,balanced_accuracy_std,balanced_accuracy,balanced_accuracy_std,balanced_accuracy,balanced_accuracy_std,balanced_accuracy,balanced_accuracy_std,balanced_accuracy,balanced_accuracy_std,balanced_accuracy,balanced_accuracy_std,balanced_accuracy,balanced_accuracy_std,balanced_accuracy,balanced_accuracy_std,balanced_accuracy,balanced_accuracy_std,balanced_accuracy,balanced_accuracy_std,balanced_accuracy,balanced_accuracy_std,balanced_accuracy,balanced_accuracy_std,balanced_accuracy,balanced_accuracy_std,balanced_accuracy,balanced_accuracy_std,balanced_accuracy,balanced_accuracy_std,balanced_accuracy,balanced_accuracy_std,balanced_accuracy,balanced_accuracy_std,balanced_accuracy,balanced_accuracy_std,balanced_accuracy,balanced_accuracy_std,balanced_accuracy,balanced_accuracy_std,balanced_accuracy,balanced_accuracy_std,balanced_accuracy,balanced_accuracy_std,balanced_accuracy,balanced_accuracy_std
QA_over_all,QA,0.6283239823918911,0.157184062573165,0.8422631804846793,0.0098119507212941,0.7817884769719776,0.1278258589035742,0.6275520695875475,0.1550150596052884,0.509831215442817,0.0196624308856339,0.5547365268907379,0.0117812326122525,0.8522339268897753,0.0054335846426106,0.5,0.0,0.5,0.0,0.6185776925711379,0.0141848791673657,0.8509276677383457,0.0158109931076772,0.5,0.0,0.5,0.0,0.503329647364021,0.0023348048893888,0.5500426052455316,0.0109548472515005,0.5003890994509375,0.0007781989018748,0.5,0.0,0.5127493446805755,0.0083621892486738,0.5484977976941364,0.0080301338389187,0.5,0.0,0.5724026041931787,0.1171141449394181,0.7552318679157662,0.0191689681664238,0.8234718992839547,0.0138165780310037,0.5,0.0,0.8078034608883685,0.0270066481691269,0.847474261701967,0.005080212252618,0.8479945493848824,0.0129319036845865,0.7831803743988923,0.0071734238825281,0.6741503915494846,0.1429709550539625,0.8415180957086278,0.0175321685786045,0.8591029246812655,0.01114164415624,0.7800183501109744,0.0116058937858622
QA_over_SA,QA,0.7668989489672022,0.0197128887830264,0.8050342470809797,0.0098193829313329,0.7942470619562847,0.0297490859903685,0.7632259271951307,0.0096248392506524,0.8186383344770123,0.019734768996359,0.8668158997619567,0.0101194663880311,0.8759940205307846,0.0105364283546519,0.8237586310046527,0.0085814287586306,0.8106677927541339,0.0250231668791102,0.8766828436862995,0.0068961697613829,0.8762155346189118,0.0061325188762663,0.8508160631064163,0.0064365058385476,0.8296038103726422,0.0154966627652874,0.8499753652576825,0.0082673665026273,0.8518375311601727,0.0074214084753013,0.8317682147444966,0.0086715638415296,0.8330819869120548,0.0151908413878917,0.8514307641073584,0.0054325539742526,0.8490268171496508,0.0093171856094815,0.8517868204391045,0.007890930302437,0.7694125143625509,0.0363021946536578,0.8510164747810357,0.0051306288885182,0.863159840366951,0.0074897883196936,0.7534396470257304,0.0071415022650922,0.84031023363725,0.0291795639245016,0.8705101363418167,0.0046885915255898,0.8709237068991482,0.0050354112656747,0.8595414946838694,0.0073759083033093,0.8371756454534947,0.0078233334924866,0.8657335255245284,0.0047635248131612,0.8710504196344008,0.0050670246409654,0.8539873506104627,0.0065285183002623
QA_over_TS,QA,0.7584051582935711,0.0775360660008106,0.7514375736757487,0.0927262539404419,0.8274760116674542,0.0095775997228404,0.5724018284741872,0.0673242389392052,0.5851840373794124,0.0707459020588372,0.6412230556392791,0.0073510872929051,0.8501336264451517,0.0140887932758433,0.5594542276618,0.0107870354337264,0.5541684169208877,0.06587925525127,0.6999400944709154,0.0140784339130376,0.8480743739645293,0.0144042972878208,0.6221084674118156,0.0064433409094451,0.5,0.0,0.514395932357226,0.0096203119301325,0.5627888789808579,0.0210504029512871,0.500017548209145,2.365854722704472e-05,0.5,0.0,0.5282457843884589,0.003773839891096,0.5498613488164417,0.0188852674765814,0.4998706338939198,0.0002587322121604,0.5837725952055861,0.074115712647751,0.7760181938593564,0.007641163128859,0.8453021273624708,0.013402569635854,0.5,0.0,0.6759201683381001,0.1453590378897094,0.8572811889187057,0.0077711061484302,0.8514369613085435,0.0089998089379819,0.8097232047106975,0.0072909055712487,0.6338155387474163,0.1114426777383782,0.843657646852028,0.0067772357839635,0.8527257003036558,0.012950423326059,0.7424863047016986,0.01026491286241
QA_over_SD,QA,0.555283392333752,0.110566784667504,0.8567729012414702,0.0453851792622828,0.8199639737911145,0.1188405147795374,0.6690306118248431,0.1331478919353324,0.5263246266218917,0.0526492532437835,0.6396229816050604,0.0072654887639808,0.8869277062750166,0.0085516683155222,0.5,0.0,0.5,0.0,0.6697847461278992,0.0067801373128664,0.8830831243806528,0.0141295600332442,0.5,0.0,0.5,0.0,0.5017637486427281,0.0015512617271347,0.5428342482639275,0.0055576976033199,0.5004590855498231,0.0006193030471456,0.5,0.0,0.5021884445202676,0.0029986331732489,0.5488637971690717,0.006610299453266,0.5,0.0,0.551680704627693,0.0633559440521333,0.839322213503382,0.0175584982698463,0.8666542622797486,0.0165763733568638,0.5,0.0,0.5510989010989011,0.1021978021978021,0.8827964502603264,0.0361235267453003,0.8819807416006136,0.0055619450529525,0.8645076026613555,0.007436976792771,0.6145801731968523,0.1462496997109829,0.8823072638457716,0.017975217840494,0.8823453247407353,0.0122670439557557,0.7577118021968676,0.0101687915525673
