,0,1,2,3,4,5,6,7,8,9,10,11,12,13,14,15,16,17,18,19,20,21,22,23,24,25,26,27,28,29,30,31,32,33,34,35,36,37,38,39,40,41,42,43,44,45,46,47,48,49,50,51,52,53,54,55,56,57,58,59,60,61,62,63,64,65,66,67,68,69,70,71,72,73,74,75,76,77,78,chain_break_fraction,energy,num_occurrences
0,0,1,1,0,1,1,1,1,1,1,1,1,1,0,1,1,0,1,0,0,0,0,0,0,0,1,1,0,0,0,0,0,1,1,1,1,0,1,1,1,0,0,0,0,0,0,1,1,1,0,1,0,1,1,1,1,0,0,1,1,0,1,0,0,1,0,1,0,1,1,0,0,1,0,0,0,1,1,1,0.0,-0.1158601194688002,1
1,1,0,0,1,0,0,0,0,0,0,0,1,0,1,0,0,1,0,1,1,1,1,1,1,0,0,0,1,1,1,1,1,0,0,0,0,1,0,0,0,1,1,1,0,1,1,0,0,0,1,0,1,1,0,0,1,1,1,1,0,1,0,1,1,0,0,0,1,1,1,1,1,0,1,0,1,0,1,1,0.0253164556962025,-0.1175065912385579,1
2,1,0,0,1,0,0,0,0,0,0,0,1,0,1,0,0,1,0,1,1,1,1,1,1,1,0,0,1,1,1,1,1,0,0,0,0,1,0,0,0,0,1,1,1,1,1,0,0,0,1,0,1,1,0,0,0,1,1,1,0,1,0,1,1,0,0,0,0,1,1,1,1,0,1,0,1,0,1,1,0.0,-0.1136440124677571,1
3,0,0,1,0,1,1,1,1,1,1,1,1,1,0,1,1,0,1,0,0,0,0,0,0,0,1,1,0,0,0,0,0,1,1,1,1,0,1,1,1,0,0,0,1,0,0,1,1,1,0,1,0,0,1,1,0,0,0,0,1,0,1,0,0,1,1,1,0,0,0,0,0,1,0,1,0,1,0,0,0.0126582278481012,-0.1144693294834395,1
4,1,0,0,1,0,0,0,0,0,0,0,0,0,1,0,0,1,0,1,1,1,1,1,1,1,0,0,1,1,1,1,0,0,0,0,0,1,0,0,0,1,1,1,1,1,1,0,0,0,1,0,1,0,0,0,0,1,0,0,0,1,0,1,1,0,1,0,1,0,0,1,1,0,1,0,1,0,0,0,0.0,-0.1117959683144859,1
5,0,1,1,0,1,1,1,1,1,1,1,1,1,0,1,1,0,1,0,0,0,0,0,0,0,1,1,0,0,0,0,0,1,1,1,1,0,1,1,1,1,0,0,0,0,0,1,1,1,0,1,0,0,1,1,0,0,0,1,1,0,1,0,0,0,1,1,0,0,1,0,0,1,0,1,0,1,0,0,0.0,-0.1106013992334302,1
6,0,0,0,1,0,0,0,1,1,0,1,0,0,0,0,0,1,0,1,1,1,1,1,1,1,0,0,0,1,1,1,0,1,0,0,0,1,1,0,1,1,1,1,0,1,0,0,1,0,1,0,1,0,0,0,0,0,0,1,0,1,0,1,0,0,0,0,1,0,1,0,1,1,1,1,1,0,0,0,0.0,-0.109862300493882,1
7,0,1,0,1,0,0,0,1,1,1,1,0,1,0,0,0,1,0,1,1,1,1,1,1,1,0,0,0,1,1,1,0,1,0,0,1,1,1,0,1,1,1,1,0,1,0,0,1,0,1,1,1,0,0,0,0,0,0,1,0,1,0,1,0,0,0,0,1,0,1,0,1,1,1,0,1,0,0,0,0.0,-0.109595915751068,1
8,0,1,0,1,0,0,0,1,1,0,1,0,1,0,0,0,1,0,1,1,1,1,1,1,1,0,0,0,1,1,1,0,1,0,0,0,1,1,0,1,1,1,1,0,1,0,0,1,0,1,0,1,0,0,0,0,0,0,1,0,1,0,1,0,0,0,0,1,0,1,0,1,1,1,0,1,0,0,0,0.0,-0.10956499609342,1
9,1,0,0,1,0,0,0,1,0,0,0,1,0,1,0,0,1,0,1,1,1,1,1,1,0,0,0,1,1,1,1,0,0,0,0,0,1,0,0,0,1,1,1,1,1,1,0,0,0,1,0,1,1,0,0,0,1,1,1,0,1,0,1,1,0,0,0,1,1,1,1,1,0,1,1,1,0,1,0,0.0,-0.1095358602621747,1
10,0,0,0,1,0,0,0,1,1,0,1,0,1,0,0,0,1,0,1,1,1,1,1,1,1,0,0,0,1,1,1,0,1,0,0,0,1,1,0,1,1,1,1,0,1,1,0,1,0,1,0,1,0,0,0,0,0,0,1,0,1,0,1,0,0,0,0,1,0,1,1,1,1,1,1,1,0,0,0,0.0126582278481012,-0.1112774694400805,1
11,0,1,1,0,1,1,1,1,1,1,1,1,1,0,1,1,0,1,0,0,0,0,0,0,0,0,1,0,0,0,0,0,1,1,1,1,0,1,1,1,0,0,0,0,0,0,1,1,1,0,1,0,1,1,1,1,0,0,1,1,0,1,1,0,0,0,1,0,1,1,0,0,1,0,0,0,1,1,1,0.0,-0.1090964443582924,1
12,0,1,0,1,0,0,0,1,1,0,1,0,1,0,0,0,1,0,1,1,1,1,1,1,1,0,0,0,1,1,0,0,1,0,0,1,1,1,0,1,1,1,1,0,1,0,0,1,0,1,0,1,1,0,0,0,0,0,1,0,1,0,1,0,0,0,0,1,0,1,0,1,1,1,0,1,0,1,0,0.0,-0.1082681542986052,1
13,0,1,0,1,0,0,0,1,1,0,1,1,0,0,1,0,1,0,1,1,1,1,0,1,0,0,0,1,1,1,0,1,1,0,0,0,1,0,1,1,1,0,1,0,1,0,0,1,0,1,0,1,1,1,0,0,0,1,1,1,1,0,1,1,0,0,0,1,0,0,0,1,0,0,1,1,1,1,0,0.0,-0.1076646263656676,1
14,0,1,0,1,0,0,0,1,1,0,1,0,0,0,0,0,1,0,1,1,1,1,1,1,1,0,0,0,1,1,0,0,1,0,0,0,1,1,0,1,1,1,1,0,1,0,0,1,0,1,0,1,1,0,0,0,0,0,1,0,1,0,1,0,0,0,0,1,0,1,0,1,1,1,0,1,0,1,0,0.0,-0.1075266771238533,1
15,0,1,1,0,1,1,1,1,1,1,1,1,1,0,1,1,0,1,0,0,0,0,1,0,0,1,1,0,0,0,0,0,1,1,1,1,0,1,1,1,0,1,0,0,0,0,1,1,1,0,1,0,1,1,1,1,0,0,1,1,0,1,0,0,0,0,1,0,1,1,0,0,1,0,0,0,1,1,1,0.0126582278481012,-0.1116146126302044,1
16,1,0,0,1,0,0,0,0,0,0,0,1,0,1,0,0,1,0,1,1,1,0,1,1,0,1,0,1,1,1,1,1,0,1,0,1,1,0,0,1,1,1,1,1,1,1,0,0,0,0,0,1,1,1,0,0,0,1,1,0,1,0,0,1,0,0,0,0,1,1,1,1,0,1,1,1,0,1,1,0.0253164556962025,-0.1118887272874302,1
17,0,1,1,1,0,0,0,1,1,0,1,0,1,0,0,0,1,0,1,1,1,1,1,1,1,0,0,0,1,1,1,0,1,0,0,1,1,1,0,1,1,1,1,0,1,0,0,1,0,1,1,1,0,0,0,0,0,0,1,0,1,0,1,0,0,0,0,1,0,1,0,1,1,1,0,1,0,0,0,0.0126582278481012,-0.1073863494468353,1
18,0,1,0,1,0,0,0,1,1,0,1,0,1,0,0,0,1,0,1,1,1,1,0,0,1,0,0,0,1,1,0,0,1,0,0,0,1,1,0,1,1,1,1,0,1,1,0,1,0,1,1,1,1,0,0,0,0,0,1,0,1,0,1,0,0,0,0,1,0,1,0,1,1,1,0,1,0,1,0,0.0,-0.1065110852918754,1
19,1,1,0,1,0,0,0,0,0,0,0,0,1,1,0,0,1,0,1,1,1,1,1,1,1,0,0,1,1,1,1,1,1,0,0,0,1,0,0,0,0,1,1,0,1,1,0,0,0,1,0,1,1,0,0,0,1,0,1,0,1,0,1,1,1,1,0,0,1,1,1,1,0,1,0,1,0,1,1,0.0126582278481012,-0.1053456520420646,1
20,1,0,0,1,0,0,0,0,1,0,1,1,0,1,0,0,1,0,1,1,1,1,0,1,1,0,0,0,1,1,1,0,0,0,0,0,1,1,0,0,1,1,1,0,1,1,1,0,0,1,0,1,1,0,0,0,1,1,1,0,1,0,1,1,0,0,0,1,0,0,1,1,0,1,1,1,0,0,0,0.0,-0.1062393490698532,1
21,0,0,0,1,0,0,0,1,1,0,1,0,1,0,0,0,1,0,1,1,1,1,1,1,1,0,0,0,1,1,0,0,1,0,0,1,1,1,0,1,1,1,0,0,1,1,0,1,0,1,0,1,0,0,0,0,0,0,1,0,1,0,1,0,0,0,0,1,0,1,0,1,1,1,0,1,0,0,0,0.0,-0.1059497745838034,1
22,0,0,0,1,0,0,0,1,1,1,1,1,1,0,0,0,1,0,1,1,1,1,1,1,1,0,0,0,1,1,1,0,1,0,0,1,1,1,0,1,1,1,0,0,1,0,0,1,0,1,1,1,1,0,0,0,0,0,1,0,1,0,1,0,0,0,0,1,0,1,0,1,1,1,0,1,0,0,0,0.0126582278481012,-0.1041058926921388,1
23,0,1,0,0,1,1,1,1,1,1,1,1,1,0,1,1,0,1,0,0,0,0,0,0,0,0,1,0,0,0,0,0,1,1,1,1,0,1,1,1,1,0,0,0,0,0,1,1,1,0,1,0,1,1,1,0,0,1,1,1,0,1,0,0,0,0,1,0,1,1,0,0,1,0,1,0,1,1,1,0.0,-0.1058587994372621,1
24,0,1,0,1,0,0,0,1,1,0,1,1,0,0,1,1,1,0,1,1,1,1,1,1,0,0,0,0,1,1,0,0,1,0,0,1,1,1,1,1,1,0,1,0,1,0,0,1,0,1,0,1,1,1,0,0,0,1,1,1,1,1,1,0,0,0,0,1,0,0,0,1,1,0,1,1,1,0,0,0.0,-0.1057565267235032,1
25,0,1,0,0,0,0,0,1,1,0,1,1,0,0,1,1,1,0,1,1,1,0,1,0,1,0,0,0,1,1,0,0,0,1,0,1,1,1,1,1,1,1,1,0,0,1,0,1,0,0,0,0,1,1,0,1,1,1,1,1,1,1,1,0,0,0,0,1,0,0,1,1,0,1,1,1,0,1,0,0.0,-0.1053456520420648,1
26,0,0,0,1,0,0,0,1,1,0,1,0,1,0,1,1,1,0,1,1,1,1,1,1,1,0,0,0,1,1,0,0,1,0,0,0,1,1,0,1,1,1,1,0,1,0,0,1,0,1,1,1,0,0,0,0,0,1,1,0,1,0,1,0,0,0,0,1,0,1,0,1,1,1,1,1,0,0,0,0.0,-0.1051862968834174,1
27,0,0,0,1,0,0,0,1,1,0,1,0,1,0,1,1,1,1,1,1,1,1,1,0,1,0,0,0,1,1,0,0,1,0,0,0,1,1,0,1,1,1,0,0,1,0,0,1,0,1,1,1,1,0,0,0,0,1,1,0,1,0,1,0,0,0,0,1,0,1,0,1,1,1,1,1,0,0,0,0.0,-0.105133971308936,1
28,0,1,0,0,0,0,0,1,1,1,1,1,0,0,1,1,1,0,0,1,1,0,0,1,0,0,0,0,1,1,0,1,0,1,0,1,1,1,1,1,1,0,1,0,0,0,0,1,1,1,1,1,1,1,0,0,0,1,1,1,1,1,1,1,0,0,0,1,0,0,0,1,0,0,1,1,1,1,0,0.0,-0.1050715373848389,1
29,0,1,0,0,0,0,0,1,1,1,1,1,0,0,1,1,1,0,0,1,1,0,0,1,0,0,0,0,1,1,0,1,0,1,0,1,1,1,1,1,1,0,1,0,0,0,0,1,1,1,1,1,1,1,0,0,0,1,1,1,1,1,1,1,0,0,0,1,0,0,0,1,0,0,1,1,1,0,0,0.0,-0.1049549940598579,1
30,0,0,0,1,0,0,0,1,1,0,1,0,1,0,1,1,1,0,1,1,1,1,1,1,1,0,0,0,1,1,0,0,1,0,0,0,1,1,0,1,1,1,1,0,1,0,0,1,0,1,1,1,1,0,0,0,0,1,1,0,1,0,1,0,0,0,0,1,0,1,0,1,1,1,1,1,0,0,0,0.0126582278481012,-0.1057898248163549,1
31,0,1,1,0,1,1,1,1,1,1,1,1,1,0,1,1,0,1,0,0,0,1,0,0,1,0,1,0,0,0,0,0,1,1,1,1,0,1,1,0,0,0,0,0,0,0,1,1,1,0,1,0,1,1,1,0,1,0,1,1,0,1,1,0,1,1,1,0,0,0,0,1,1,0,0,0,1,0,0,0.0126582278481012,-0.1079708498981434,1
32,0,0,0,1,0,0,0,1,1,0,1,0,1,0,1,1,1,0,1,1,1,1,1,0,0,0,0,0,1,0,0,0,1,0,0,0,1,1,1,1,1,1,0,0,1,0,0,1,0,1,1,1,1,0,0,0,1,1,1,0,1,0,1,0,0,0,0,1,0,1,0,1,1,1,1,1,0,0,0,0.0,-0.1040274043304167,1
33,0,1,0,0,0,0,0,1,1,0,1,1,0,0,1,1,1,0,1,1,1,0,0,1,0,0,0,0,1,1,0,1,0,1,0,1,1,0,1,1,1,0,1,0,0,0,0,1,1,1,1,1,1,1,0,0,0,1,1,1,1,1,1,1,0,0,0,1,0,0,0,1,0,0,1,1,1,1,0,0.0,-0.1038894550886025,1
34,1,0,0,1,0,0,0,0,0,0,0,1,1,1,0,0,1,0,1,1,1,1,1,1,1,1,0,1,1,1,1,1,0,0,0,0,1,0,0,0,1,0,1,0,1,1,0,0,0,1,0,1,1,0,0,0,1,0,1,0,1,0,1,1,1,1,0,1,1,1,1,1,0,1,0,1,0,1,1,0.0126582278481012,-0.1053004617731944,1
35,0,1,0,1,0,0,0,1,1,0,1,0,1,0,0,0,1,0,1,1,1,1,1,1,1,0,0,0,1,1,1,0,1,0,0,1,1,1,0,1,1,1,1,0,1,0,0,1,0,1,0,1,1,0,0,0,0,0,1,0,1,0,1,0,0,0,0,1,0,1,0,1,1,1,0,1,0,0,0,0.0126582278481012,-0.1081635031496427,1
36,0,1,0,1,0,0,0,1,1,0,1,0,1,0,0,0,1,0,1,1,1,1,1,0,1,0,0,0,1,1,0,0,1,0,0,0,1,1,0,1,1,1,0,0,1,0,0,1,0,1,0,1,1,0,0,0,0,0,1,0,1,0,1,0,0,0,0,1,0,1,0,1,1,1,0,1,0,0,0,0.0,-0.1034922564095854,1
37,0,0,0,1,0,0,0,1,1,0,1,1,0,0,0,0,1,0,1,1,1,1,1,1,1,0,0,0,1,1,0,0,1,0,0,1,1,1,0,1,1,1,0,0,1,0,0,1,0,1,0,1,1,1,0,0,0,1,1,0,1,0,1,0,0,0,0,1,0,0,0,1,0,1,1,1,0,0,0,0.0,-0.1034357685734977,1
38,0,1,0,1,1,0,0,1,1,0,1,0,1,0,0,0,1,0,1,1,1,1,1,1,1,0,0,0,1,1,0,0,1,0,0,1,1,1,0,1,1,0,1,0,1,0,0,1,0,1,0,1,0,0,0,0,0,0,1,0,1,0,1,0,0,0,0,1,0,1,0,1,1,1,0,1,0,1,0,0.0,-0.1030950577305684,1
39,1,0,0,1,0,0,0,0,0,0,0,0,1,1,0,0,1,0,1,1,1,1,1,1,1,0,0,1,1,1,1,0,0,0,0,0,1,0,0,0,1,1,1,0,1,1,0,0,0,1,0,1,0,0,0,0,1,1,1,0,1,0,1,1,1,1,0,1,0,1,1,1,0,1,0,1,0,0,0,0.0126582278481012,-0.1049549940598578,1
40,0,0,0,1,0,0,0,1,1,0,1,0,1,0,1,1,1,0,1,1,1,1,1,1,1,0,0,0,1,0,1,0,1,0,0,0,1,1,0,1,1,1,0,0,1,0,0,1,0,1,1,1,1,0,0,0,1,1,1,0,1,0,1,0,0,0,0,1,0,1,0,1,1,1,1,1,0,0,0,0.0126582278481012,-0.1055543597311891,1
41,0,1,0,1,0,0,0,1,1,0,1,1,0,0,1,1,1,0,1,1,1,1,0,1,0,0,0,0,1,1,0,0,1,0,0,1,1,1,1,1,1,0,1,0,1,0,0,1,0,1,0,1,1,1,0,0,0,1,1,1,1,1,1,0,0,0,0,1,0,0,0,1,0,0,1,1,1,0,0,0.0,-0.1025533691129268,1
42,0,0,1,1,0,0,0,1,1,0,1,0,1,0,1,1,1,1,1,1,1,1,1,0,0,0,0,0,0,0,0,0,0,0,0,0,1,1,1,1,1,1,0,0,1,0,0,1,0,1,1,1,0,0,0,1,1,1,1,0,1,0,1,0,0,0,0,1,0,1,0,0,1,1,1,1,0,0,0,0.0,-0.1024820160568159,1
43,0,0,0,1,0,0,0,1,1,0,1,0,1,0,0,0,1,0,1,1,1,1,1,1,1,0,0,0,1,1,1,0,1,0,0,0,1,1,0,1,1,1,1,0,1,0,0,1,0,1,1,1,0,0,0,0,0,0,1,0,1,0,1,0,0,0,0,1,0,1,0,1,1,1,0,1,0,0,0,0.0253164556962025,-0.1086867588944556,1
44,0,0,0,1,0,0,0,1,1,0,1,0,1,0,1,1,1,0,0,1,1,1,1,0,0,0,0,0,1,1,0,0,1,0,0,0,1,1,0,1,1,1,0,0,1,0,0,1,0,1,1,1,1,0,0,0,0,1,1,0,1,0,1,0,0,0,0,1,0,1,0,1,1,1,1,1,0,0,0,0.0,-0.1024035276950939,1
45,0,1,1,0,1,1,1,1,1,1,1,1,1,0,1,1,0,1,0,0,0,0,1,0,1,1,1,0,0,0,0,0,1,1,1,1,0,1,1,1,0,0,0,0,0,0,1,1,1,0,1,0,0,1,1,1,1,0,1,1,0,1,1,0,1,1,1,0,0,0,0,0,1,0,1,0,1,0,0,0.0253164556962025,-0.1107898902233232,1
46,0,1,0,1,0,0,0,1,1,0,1,0,1,0,0,0,1,0,1,1,1,1,1,1,1,0,0,0,1,1,1,0,1,0,0,0,1,1,0,1,1,1,1,0,1,0,0,1,0,1,1,1,1,0,0,0,0,0,1,0,1,0,1,0,0,0,0,1,0,1,0,1,1,1,0,1,0,0,0,0.0253164556962025,-0.1073149963907244,1
47,0,1,1,1,0,0,0,1,0,0,0,0,1,0,1,1,1,1,0,0,0,0,1,0,1,1,0,1,1,1,0,1,1,0,0,0,0,1,0,1,0,1,1,0,1,0,0,0,0,0,0,0,1,1,1,0,0,1,1,0,1,1,0,0,0,0,1,0,1,1,0,1,1,0,0,1,0,1,1,0.0,-0.1017090246156149,1
48,0,0,1,1,0,0,0,1,1,0,1,0,1,0,1,1,1,1,1,1,1,1,1,0,0,0,0,0,1,1,0,0,1,0,0,0,1,1,0,1,1,1,1,0,1,0,0,1,0,1,1,1,1,0,0,0,0,1,1,0,1,0,1,0,0,0,0,1,0,1,0,1,1,1,1,1,0,1,0,0.0,-0.101708430006814,1
49,0,0,1,1,0,0,0,1,1,0,1,0,1,0,1,1,1,0,0,1,1,1,1,0,0,0,0,0,1,1,1,0,1,0,0,0,1,1,1,1,1,1,0,0,1,0,0,1,0,1,1,1,0,0,0,0,1,1,0,0,1,0,1,0,0,0,0,1,0,1,0,0,1,1,1,1,0,0,0,0.0,-0.1011043074650755,1
50,0,1,0,1,0,0,0,1,1,0,1,1,1,0,1,0,1,0,1,1,1,1,0,0,1,0,0,0,1,1,0,0,1,0,0,0,1,1,0,1,1,1,1,0,1,1,0,1,0,1,1,1,1,0,0,0,0,1,1,1,1,0,1,0,0,0,0,1,0,1,0,1,1,1,0,1,0,1,0,0.0,-0.1008408957662662,1
51,0,1,1,1,0,0,0,1,0,0,0,0,1,0,1,1,1,1,0,1,0,0,0,0,1,1,0,1,1,1,1,1,1,0,0,0,1,1,0,0,1,1,1,0,1,1,0,0,0,0,0,0,1,1,1,0,0,0,1,0,1,1,0,0,0,0,1,0,1,1,1,1,1,1,0,1,0,1,1,0.0,-0.1008242467198402,1
52,1,0,0,1,0,0,0,1,0,0,0,0,0,1,0,0,1,1,1,1,1,0,1,1,0,0,0,1,1,1,1,1,0,0,0,0,1,1,0,1,1,1,1,0,1,1,0,0,0,0,0,1,1,0,0,1,1,1,1,0,1,0,1,0,0,0,0,0,1,1,1,1,0,1,0,1,0,1,1,0.0253164556962025,-0.1063249727371861,1
53,0,0,1,0,1,1,0,1,1,0,1,1,1,0,1,1,1,1,0,1,1,0,1,0,0,0,0,0,0,0,0,0,1,0,0,0,0,1,1,1,1,0,0,0,0,0,1,1,1,0,1,1,0,0,0,1,1,1,1,1,0,0,1,0,0,0,0,1,0,1,0,0,1,0,1,1,0,1,0,0.0,-0.1005929438962814,1
54,0,0,0,1,0,0,0,1,1,0,1,0,1,0,0,0,1,0,1,1,1,1,1,1,1,0,0,0,1,1,1,0,1,0,0,0,1,1,0,1,1,1,1,0,1,0,0,1,0,1,0,1,0,0,0,0,0,0,1,0,1,0,1,1,0,0,0,1,0,1,0,1,1,1,0,1,0,0,0,0.0253164556962025,-0.1043247087308787,1
55,0,0,0,1,0,0,0,1,1,0,1,0,1,0,1,1,1,1,0,1,1,1,1,0,0,0,0,0,1,1,0,0,1,0,0,0,1,1,0,1,1,1,0,0,1,0,0,1,0,1,1,1,1,0,0,0,0,1,1,0,1,0,1,0,0,0,0,1,0,1,0,0,1,1,1,1,0,0,0,0.0,-0.1005412129306007,1
56,1,0,1,0,0,0,0,1,1,0,1,1,0,0,1,1,1,0,1,1,1,1,1,1,0,0,1,0,1,1,0,0,0,1,0,1,0,1,1,1,1,1,1,0,0,0,0,1,1,0,1,1,1,0,0,0,1,1,0,1,0,1,1,1,0,0,0,1,0,0,0,1,0,1,1,0,0,0,0,0.0126582278481012,-0.1013831789927089,1
57,0,0,0,1,0,0,0,1,1,0,1,1,1,0,0,0,1,0,1,1,1,1,1,1,1,0,0,0,1,1,0,0,1,0,0,0,1,1,0,1,1,1,1,0,1,0,0,1,0,1,0,1,1,0,0,0,0,1,1,0,1,0,1,0,0,0,0,1,0,1,0,1,1,1,1,1,0,1,0,0.0126582278481012,-0.1039512944038985,1
58,1,1,0,0,0,0,0,1,0,0,1,1,0,0,0,0,1,0,1,1,1,0,1,1,1,0,1,1,1,1,0,1,0,0,0,1,1,0,1,1,1,1,1,1,1,1,0,1,0,1,0,0,1,1,0,1,0,0,1,1,1,0,1,1,0,0,0,1,0,0,1,1,0,1,1,1,1,1,0,0.0253164556962025,-0.099275885402235,1
59,0,0,0,1,0,0,0,1,1,0,1,0,1,0,1,1,1,1,0,1,1,1,1,0,0,0,0,0,1,0,0,0,1,0,0,0,0,1,1,1,1,1,0,0,1,0,0,1,0,1,1,1,1,0,0,0,1,1,1,0,1,0,1,0,0,0,0,1,0,1,0,1,1,1,1,1,0,0,0,0.0,-0.1001440142515836,1
60,0,0,1,0,1,1,1,0,1,1,1,1,1,0,1,1,0,0,0,0,0,1,0,0,0,1,1,0,0,0,0,0,1,1,1,1,0,1,1,1,0,0,0,1,0,0,1,0,1,1,1,0,0,1,1,0,1,1,0,1,0,1,0,1,0,1,1,0,0,0,0,0,1,0,1,0,1,0,0,0.0253164556962025,-0.1049199121406034,1
61,0,1,1,0,0,0,0,1,1,0,1,0,1,0,1,1,1,0,1,1,1,1,1,0,1,0,0,0,1,1,0,0,0,0,0,0,1,1,1,1,1,1,1,0,1,0,0,1,0,1,1,1,1,0,0,0,1,1,1,0,1,0,1,0,0,0,0,1,0,1,0,0,1,1,1,1,0,1,0,0.0,-0.0998223308902837,1
62,0,0,0,1,0,1,0,1,1,0,1,0,1,0,1,1,1,0,1,1,1,1,1,0,1,0,0,0,1,1,0,0,1,0,0,0,1,1,0,1,1,1,0,0,1,0,0,1,0,1,1,1,1,0,0,0,1,1,1,0,1,0,1,0,0,0,0,1,0,1,0,1,1,1,0,1,0,0,0,0.0,-0.0997723837510061,1
63,0,0,0,1,0,0,0,1,1,0,1,1,0,0,1,1,1,0,1,1,1,1,1,0,0,0,0,0,1,1,0,0,1,0,0,1,1,1,1,1,1,0,0,0,1,0,0,1,0,1,0,1,1,1,0,0,0,1,1,1,1,0,1,0,0,0,0,1,0,0,0,1,1,1,1,1,0,1,0,0.0,-0.0997224366117286,1
64,0,0,1,1,1,1,0,1,1,0,1,0,1,0,1,1,1,1,0,1,1,1,1,1,0,0,0,0,0,0,0,0,1,0,0,0,0,1,1,1,1,1,0,0,1,0,1,1,0,1,1,1,1,0,0,1,1,0,0,0,1,0,1,0,0,0,0,1,0,1,0,1,1,1,1,1,0,0,0,0.0,-0.0996683272108446,1
65,0,0,0,1,0,0,0,1,1,0,1,0,0,0,1,1,1,0,1,1,1,1,1,0,0,0,0,0,1,1,0,0,1,0,0,1,1,1,1,1,1,1,0,0,1,0,0,1,0,1,1,1,1,1,0,0,1,1,0,0,1,0,1,0,0,0,0,1,0,0,0,1,1,1,1,1,0,0,0,0.0126582278481012,-0.1039512944038985,1
66,1,0,1,0,0,0,0,1,1,0,1,1,0,0,1,1,1,0,0,0,1,0,1,1,0,1,0,0,1,1,0,1,0,1,0,0,0,1,0,1,1,0,1,0,0,0,0,1,1,0,1,1,1,1,0,0,0,1,1,0,0,1,1,1,0,0,0,1,1,0,0,1,0,0,1,0,0,1,1,0.0,-0.0994941068321741,1
67,0,0,0,1,0,0,0,1,1,0,1,0,1,0,1,1,1,0,1,1,1,1,1,0,1,0,0,0,1,0,0,0,1,0,0,1,1,1,0,1,1,1,0,0,1,0,0,0,0,1,1,1,1,0,0,0,0,1,1,0,1,0,1,0,0,0,0,1,0,1,0,1,1,1,1,1,0,0,0,0.0126582278481012,-0.0997729783598072,1
68,0,1,1,0,1,1,1,1,1,1,1,1,1,0,1,1,0,1,0,0,0,0,0,0,0,1,1,0,0,0,0,0,1,1,1,1,0,1,1,1,0,0,0,0,0,0,1,1,1,0,1,0,1,1,1,1,0,0,1,1,0,1,0,0,0,1,1,0,1,1,0,0,1,0,0,0,1,1,1,0.0379746835443038,-0.114207701611033,1
69,0,0,0,1,0,0,0,1,1,0,1,0,1,0,1,1,1,1,0,1,1,1,1,0,0,0,0,0,1,0,0,0,1,0,0,0,1,1,0,1,1,1,0,0,1,0,0,1,0,1,1,1,1,0,0,0,0,1,1,0,1,0,1,0,1,0,0,1,0,1,0,1,1,1,1,1,0,0,0,0.0,-0.0987330075669915,1
70,0,0,0,0,0,0,0,1,1,0,1,1,0,0,1,1,1,0,1,1,1,1,1,1,1,0,0,0,1,1,0,0,0,0,0,1,1,1,1,1,1,1,1,0,1,0,0,1,0,1,1,1,1,1,0,0,0,0,1,0,1,0,1,0,0,0,0,1,0,0,0,1,0,1,1,1,0,0,0,0.0126582278481012,-0.0986860334717185,1
71,1,0,0,0,0,0,0,1,1,0,1,1,0,0,1,1,1,0,0,0,1,1,0,1,0,0,0,0,1,1,0,1,0,1,0,0,1,1,0,1,1,0,1,1,0,0,0,1,1,1,1,1,1,1,0,0,0,1,1,1,1,1,1,1,0,0,0,1,0,0,0,1,0,0,0,1,0,1,0,0.0,-0.0986622491196815,1
72,0,0,0,0,0,0,0,1,1,0,1,1,0,0,1,0,1,0,0,1,1,1,0,1,0,0,0,0,1,1,0,1,0,0,0,0,1,0,0,1,1,0,1,1,1,0,0,1,1,1,0,1,1,1,0,0,0,1,1,1,1,1,1,1,0,0,0,1,0,0,0,1,0,0,1,1,0,1,0,0.0,-0.0985237052690662,1
73,0,0,0,1,0,0,0,1,1,0,1,0,1,0,1,1,1,1,1,1,1,1,1,1,1,0,0,0,1,0,0,0,1,0,0,0,1,1,1,1,1,1,1,0,1,0,0,1,0,1,1,1,0,0,0,0,0,1,1,0,1,0,1,0,0,0,0,1,0,1,0,1,1,1,1,1,0,0,0,0.0126582278481012,-0.0998728726383624,1
74,1,0,1,0,1,1,1,0,1,0,1,1,0,1,1,1,0,1,0,0,0,1,0,1,0,1,1,1,0,0,0,0,1,0,1,0,0,1,1,0,0,1,0,1,0,0,1,1,1,1,1,0,1,1,1,1,1,1,0,1,0,0,0,1,1,1,1,0,0,0,1,1,0,0,1,0,0,0,1,0.0126582278481012,-0.1015704807649998,1
75,0,0,0,1,0,0,0,1,1,0,1,0,1,0,1,0,1,0,1,1,1,1,0,0,1,0,0,0,1,1,0,0,1,0,0,0,1,1,0,1,1,1,1,0,1,1,0,1,0,1,1,1,1,0,0,0,0,0,1,0,1,0,1,0,0,0,0,1,0,1,0,1,1,1,0,1,0,1,0,0.0126582278481012,-0.1031925735739198,1
76,1,0,0,0,1,1,0,0,1,1,1,1,0,1,0,0,0,0,0,0,1,1,0,1,0,0,1,0,0,0,0,0,1,1,1,1,0,1,1,1,1,0,0,1,0,0,1,1,1,1,1,1,1,0,1,0,0,0,0,0,0,0,0,1,1,1,0,0,0,0,0,0,0,0,1,0,1,0,0,0.0253164556962025,-0.10110728050908,1
77,0,1,0,1,1,1,0,1,1,1,1,0,1,0,0,0,1,0,1,1,1,1,1,1,1,0,0,0,0,1,1,0,1,0,1,1,1,1,1,1,1,0,0,0,1,0,0,1,0,1,0,1,0,0,0,0,0,0,1,0,1,0,0,0,1,1,0,1,0,1,0,0,1,1,1,1,1,0,0,0.0126582278481012,-0.0994447543016972,1
78,1,0,0,0,0,0,0,1,1,0,1,1,0,0,1,1,1,0,0,0,1,1,1,1,0,1,0,0,1,1,0,1,0,1,0,0,0,0,0,1,1,0,1,0,0,0,0,1,1,0,1,1,1,1,0,0,0,1,0,1,0,1,1,1,0,0,0,1,1,0,0,1,0,0,1,0,0,1,1,0.0126582278481012,-0.0990112844858239,1
79,0,0,1,0,0,0,0,1,1,0,1,1,0,1,1,1,0,0,0,0,1,1,1,0,0,0,1,0,0,0,0,0,0,1,1,1,0,1,1,0,1,0,0,1,1,0,1,1,1,0,1,0,1,0,1,1,1,1,0,1,0,0,1,1,0,0,0,1,0,0,0,1,0,1,1,0,0,0,1,0.0126582278481012,-0.0996683272108448,1
80,0,1,1,0,0,0,0,1,1,0,1,1,0,0,1,1,1,0,0,1,1,0,0,1,1,0,0,0,1,1,0,1,0,0,0,0,1,1,0,0,1,0,1,0,0,0,0,1,1,1,0,1,1,1,0,0,1,1,1,1,1,1,1,1,0,0,0,1,0,0,0,1,0,0,0,1,0,0,0,0.0,-0.0976413058084954,1
81,0,1,0,1,0,0,0,1,1,0,1,1,0,0,1,1,1,0,0,1,1,1,0,1,0,0,0,0,1,1,0,1,1,0,0,0,1,1,0,1,1,0,1,0,1,0,0,1,1,1,0,1,1,1,0,0,0,1,1,1,1,1,0,1,0,0,0,1,0,0,0,1,1,0,1,1,1,1,0,0.0253164556962025,-0.1033025762020907,1
82,1,0,0,0,1,0,0,1,1,0,1,1,0,0,1,1,0,0,0,0,1,0,0,1,0,0,0,0,1,1,0,1,0,1,0,0,1,1,0,1,1,0,1,1,0,0,0,1,1,1,1,1,1,1,0,0,0,1,1,1,1,1,1,1,0,0,0,1,0,0,0,1,1,0,1,1,0,1,0,0.0,-0.0973130817503855,1
83,0,0,1,1,0,0,0,1,1,0,1,0,1,0,1,1,1,0,1,1,1,1,1,0,1,0,0,0,1,1,1,0,0,0,0,0,1,1,0,1,1,1,0,0,1,1,0,1,0,1,1,1,1,0,0,0,1,0,1,0,1,0,1,0,0,0,0,1,0,1,1,1,1,1,0,1,0,0,0,0.0253164556962025,-0.1018463792486284,1
84,0,0,0,1,0,0,0,1,1,0,1,0,1,0,1,1,1,0,1,1,1,1,1,1,1,0,0,0,1,1,1,0,1,0,0,0,1,1,0,1,1,1,1,0,1,0,0,1,0,1,1,1,1,0,0,0,0,1,1,0,1,0,1,0,0,0,0,1,0,1,0,1,1,1,1,1,0,0,0,0.0253164556962025,-0.1045910934736926,1
85,0,1,0,1,0,0,0,1,1,0,1,0,1,0,0,0,1,0,1,1,1,1,1,0,1,0,0,0,1,1,1,0,0,0,0,1,1,1,0,1,1,1,0,0,1,0,0,1,0,1,1,1,1,0,0,0,0,0,1,0,1,0,1,0,0,0,0,1,0,1,0,0,1,1,0,1,0,0,0,0.0126582278481012,-0.1020491408497434,1
86,0,0,1,0,0,0,0,1,1,0,1,1,0,0,1,1,1,0,0,1,1,1,1,1,0,0,0,0,1,1,0,1,0,1,0,1,1,1,1,1,1,1,0,0,1,0,0,1,1,1,1,1,1,1,0,0,0,1,1,0,1,0,1,1,0,0,0,1,0,0,0,1,0,0,1,1,0,0,0,0.0,-0.0968302594040354,1
87,0,1,1,1,0,0,0,1,0,0,0,0,1,0,1,1,1,1,1,1,0,1,1,0,1,1,0,1,1,0,1,1,1,0,0,0,1,1,0,0,0,1,0,0,1,1,0,0,0,0,0,0,1,1,0,0,1,1,1,0,1,0,0,0,1,0,1,0,1,1,0,1,1,1,0,1,0,1,1,0.0379746835443038,-0.0960768900532647,1
88,0,1,0,1,0,0,0,1,1,0,1,0,1,0,1,1,1,1,1,1,1,1,1,0,1,0,0,0,0,0,0,0,1,0,0,1,1,1,1,1,1,1,0,0,1,0,0,1,0,1,1,1,1,0,0,1,1,1,1,0,1,0,1,0,0,0,1,1,0,1,0,1,1,1,1,1,0,0,0,0.0,-0.0967452303455031,1
89,1,0,1,0,1,1,1,0,1,1,1,1,1,1,1,1,0,0,0,0,0,1,0,1,0,1,1,0,0,0,0,0,1,1,1,1,0,1,1,0,0,0,0,1,0,0,1,1,1,1,1,0,0,1,1,0,1,1,0,1,0,1,1,1,1,1,1,1,0,0,0,0,0,0,1,0,1,0,0,0.0253164556962025,-0.1071574250584798,1
90,0,0,0,1,1,0,0,1,1,0,1,0,1,0,0,1,1,1,1,1,1,1,1,0,1,0,0,0,1,1,0,0,1,0,0,0,1,1,0,1,1,1,0,0,1,1,0,1,0,1,1,1,1,0,0,0,0,1,1,0,1,0,1,0,0,0,0,1,0,1,0,1,1,1,1,1,0,1,1,0.0126582278481012,-0.096347437057685,1
91,1,0,1,1,0,0,0,0,0,0,0,1,1,1,1,1,1,1,0,1,0,0,0,0,0,1,0,1,1,0,1,1,0,0,0,0,0,1,0,0,0,1,1,0,0,1,0,0,1,0,1,1,1,1,0,0,1,1,1,0,1,1,1,1,0,0,0,0,1,1,1,1,0,0,0,1,0,1,1,0.0126582278481012,-0.0962957060920047,1
92,0,1,1,0,0,0,0,1,1,0,1,1,0,0,1,1,1,0,0,1,1,0,1,1,0,0,0,0,1,1,0,1,0,0,0,1,1,1,0,1,1,1,1,0,0,0,0,1,1,1,1,1,1,1,0,0,0,1,1,0,1,1,1,1,0,0,0,1,0,0,0,1,0,0,1,1,0,0,0,0.0126582278481012,-0.0997723837510062,1
93,1,0,1,0,0,0,0,1,1,1,1,1,0,0,1,1,0,0,1,0,1,0,0,1,0,1,0,0,1,1,0,1,0,1,0,0,0,1,0,1,0,0,1,0,0,0,0,1,1,1,1,1,1,1,0,0,0,1,1,1,1,1,1,1,0,0,0,1,0,0,0,1,0,0,0,0,1,1,1,0.0,-0.0965050083899302,1
94,0,1,1,1,0,1,0,0,0,1,0,0,1,0,1,1,1,1,0,1,0,0,0,0,1,1,0,0,1,0,1,1,1,0,0,0,0,1,0,0,0,1,0,0,0,0,0,0,1,1,1,1,1,1,1,0,0,0,1,0,1,1,0,0,1,0,1,0,1,1,0,0,1,0,0,1,0,0,1,0.0,-0.0964978730843189,1
95,0,0,1,0,0,1,1,1,1,0,1,1,1,1,1,1,0,1,0,0,0,1,1,0,0,0,1,0,0,0,0,0,1,0,1,0,0,1,1,0,0,1,0,0,0,1,1,1,1,0,1,0,1,1,1,1,1,1,0,1,0,1,1,0,1,0,1,1,1,0,0,0,0,0,0,0,1,0,1,0.0,-0.0964954946491156,1
96,1,0,1,0,0,0,0,1,1,0,1,1,0,0,1,1,1,0,0,0,1,0,1,1,0,1,0,0,1,1,0,1,0,0,0,0,0,1,0,1,1,1,1,0,0,0,0,1,1,0,1,1,1,1,0,0,0,0,1,0,1,1,1,1,0,0,0,1,1,1,0,1,0,0,1,0,0,1,1,0.0126582278481012,-0.0975984939748288,1
97,0,1,0,0,0,0,0,1,1,0,0,1,0,0,1,1,1,0,1,1,1,0,0,0,0,0,0,1,1,1,0,1,0,1,0,1,1,0,1,1,1,0,1,0,1,1,0,0,1,0,0,0,1,1,0,0,0,1,1,1,1,1,1,1,0,0,0,1,0,0,1,1,0,0,1,1,1,1,1,0.0,-0.0964098709817823,1
98,0,1,0,1,0,0,0,1,1,0,1,0,0,0,1,1,1,0,1,1,1,1,1,0,1,0,0,0,1,1,0,0,0,1,0,1,1,1,1,1,1,0,1,0,1,0,0,1,0,1,0,1,1,1,0,0,1,1,1,1,1,1,1,0,0,0,0,1,0,0,0,1,1,1,0,1,0,1,0,0.0253164556962025,-0.0996772463428583,1
99,0,1,1,1,0,0,0,0,0,0,0,0,1,1,1,1,1,1,1,1,0,0,1,0,1,1,0,1,1,1,1,1,0,0,0,0,1,1,0,0,0,1,1,0,1,1,0,0,0,0,0,1,1,1,0,0,1,1,1,1,1,0,1,0,0,0,1,0,1,1,1,1,1,1,0,1,0,1,1,0.0126582278481012,-0.0981574262476971,1
100,0,0,0,1,0,0,0,1,1,0,1,0,1,0,1,1,1,0,1,1,1,1,1,0,1,0,0,0,1,1,0,0,1,0,0,0,1,1,0,1,1,1,1,0,1,1,0,1,0,1,1,1,1,1,0,0,0,1,1,0,1,0,1,0,0,0,0,1,0,0,0,1,1,1,1,1,0,0,0,0.0,-0.0961958118134496,1
101,0,0,0,1,0,0,0,1,1,0,1,0,1,0,1,1,1,0,0,1,1,1,1,0,0,0,0,0,1,1,0,0,1,0,0,1,1,1,1,1,1,0,0,0,1,0,0,1,0,1,1,1,1,1,0,0,1,1,1,0,1,0,1,0,0,0,0,1,0,0,0,1,1,1,1,1,0,0,0,0.0126582278481012,-0.0992467495709896,1
102,0,1,1,1,1,0,0,1,1,0,1,1,0,0,1,1,1,0,0,1,1,0,1,0,0,0,0,0,1,1,0,0,0,1,0,1,1,1,1,1,1,0,1,0,0,0,0,1,1,0,1,1,1,1,1,0,0,1,1,1,1,1,1,0,0,0,0,1,0,0,0,0,1,0,1,1,0,1,0,0.0126582278481012,-0.1014967492736851,1
103,0,1,0,0,0,0,0,1,1,0,1,1,0,0,1,1,1,0,1,1,1,1,1,1,0,0,0,0,1,1,0,0,0,1,0,1,1,1,1,1,1,1,1,0,1,0,0,1,1,1,1,1,1,1,0,0,0,1,1,1,1,1,1,1,0,0,0,1,0,0,0,1,0,0,1,1,1,0,0,0.0126582278481012,-0.1000060650097693,1
104,0,1,0,1,0,0,0,1,1,0,1,1,0,0,1,1,1,0,1,1,1,1,1,1,1,0,0,0,1,1,0,0,0,0,0,1,1,1,1,1,1,1,1,0,1,0,0,1,0,1,0,0,1,1,0,1,0,1,1,1,1,1,1,0,0,0,0,1,0,0,0,1,0,1,1,1,1,0,0,0.0126582278481012,-0.099868115767955,1
105,0,1,1,0,1,1,0,1,1,0,1,1,1,0,1,1,1,1,0,1,1,0,1,0,0,1,0,0,0,0,0,0,0,0,0,1,1,1,1,1,1,0,0,0,1,0,1,1,1,0,1,1,0,0,0,1,1,1,1,0,0,0,1,0,0,0,0,1,0,1,0,0,1,1,1,1,0,1,0,0.0126582278481012,-0.0934249348011448,1
106,0,1,1,0,1,0,0,1,1,0,1,1,0,0,1,1,0,1,0,0,1,0,0,0,0,0,1,0,0,0,0,0,0,1,1,1,0,1,1,1,1,1,1,0,0,0,1,1,1,0,1,0,1,1,1,1,0,1,1,1,0,1,0,1,0,0,0,1,1,1,0,0,0,0,1,0,0,1,1,0.0126582278481012,-0.0974486525569963,1
107,0,1,0,1,0,0,0,1,1,0,1,1,0,0,1,0,1,0,0,1,1,1,0,1,1,0,0,0,1,1,0,1,0,0,0,0,1,1,0,0,1,1,1,0,1,0,0,1,1,1,0,1,1,1,0,0,0,1,1,1,1,1,1,1,0,0,0,1,0,0,0,1,0,0,0,1,1,1,0,0.0126582278481012,-0.0985908960635706,1
108,1,1,0,1,1,0,0,1,0,0,0,0,1,1,0,0,1,0,1,1,1,0,0,1,1,1,0,1,1,1,1,1,1,0,0,0,1,0,0,1,1,1,1,0,1,1,0,0,0,1,1,1,1,0,1,0,0,0,1,0,1,0,0,1,1,1,0,0,1,1,1,1,1,0,0,1,0,1,1,0.0126582278481012,-0.0936835896295466,1
109,0,0,1,1,1,0,0,1,1,0,1,1,1,0,1,1,1,1,0,1,1,1,1,1,0,0,0,0,0,0,0,0,1,0,0,0,0,1,1,0,1,1,0,0,1,0,0,1,1,1,1,1,1,0,0,1,1,1,0,1,1,0,1,1,0,0,0,1,0,0,0,1,1,0,1,1,0,0,0,0.0,-0.0950827041381204,1
110,0,0,0,0,0,0,0,1,1,0,1,1,0,0,1,1,1,0,0,1,1,1,0,1,0,0,0,0,1,1,0,0,0,1,0,0,1,1,0,1,1,1,1,1,0,0,0,1,1,1,0,1,1,1,0,0,0,1,0,1,1,1,1,1,0,0,0,1,0,0,0,1,0,1,1,1,0,0,0,0.0,-0.095077352658912,1
111,0,1,0,1,0,0,0,1,1,0,1,1,0,0,0,0,1,0,1,1,1,1,1,1,1,0,0,0,1,1,0,0,0,0,0,1,1,1,1,1,1,1,1,0,1,0,0,0,0,1,0,1,1,1,0,0,0,1,1,1,1,0,1,1,0,0,0,1,0,0,0,1,0,1,1,1,1,0,0,0.0126582278481012,-0.0989232823832871,1
112,0,0,0,1,0,0,1,1,1,0,1,0,1,1,1,1,1,1,0,1,1,1,1,0,0,0,0,0,1,1,1,0,1,0,0,0,0,1,1,1,1,1,0,0,1,1,1,1,0,0,1,1,0,0,0,1,1,1,0,0,0,0,1,0,0,0,0,1,1,1,1,1,1,1,1,0,0,0,1,0.0126582278481012,-0.0996772463428585,1
113,0,1,0,1,0,0,0,1,1,0,1,1,0,0,1,1,1,0,0,1,1,1,0,1,0,0,0,0,1,1,0,0,1,0,0,1,1,1,1,1,1,0,1,0,1,0,0,1,0,1,1,1,1,1,0,0,0,0,1,1,1,1,1,0,0,0,0,1,0,0,0,1,1,0,1,1,0,0,0,0.0126582278481012,-0.0954174688930404,1
114,0,1,1,1,1,0,0,1,1,0,1,0,1,0,1,1,1,0,0,1,1,0,1,0,1,1,0,0,1,0,0,0,1,0,0,1,1,1,1,1,1,0,0,0,1,0,0,1,1,1,1,1,0,1,1,0,0,1,1,0,1,1,0,0,0,0,1,1,0,1,0,0,1,0,1,1,0,0,0,0.0,-0.0948846994074128,1
115,0,0,1,0,0,0,0,1,1,0,1,1,0,0,1,1,1,0,1,1,1,1,1,1,0,0,0,0,1,1,0,0,0,0,0,0,1,1,0,0,1,1,1,0,1,0,0,1,0,1,0,1,1,0,0,0,1,1,1,0,1,0,1,1,0,0,0,1,0,0,0,1,0,1,1,1,0,0,0,0.0126582278481012,-0.0987330075669913,1
116,1,0,0,1,0,0,0,0,0,1,0,1,0,1,0,0,1,0,1,1,1,0,0,1,1,0,0,1,1,1,1,1,0,1,0,1,1,0,0,1,1,1,1,1,1,1,0,0,1,1,1,1,1,1,1,0,0,1,1,0,1,0,0,1,0,1,0,0,1,1,1,1,0,0,0,1,0,1,1,0.0126582278481012,-0.1006006738106931,1
117,0,1,1,1,0,0,0,1,0,0,0,0,1,0,1,1,1,1,1,1,0,1,1,0,1,0,0,1,1,1,1,0,1,0,0,0,1,1,0,1,0,1,1,0,1,1,0,0,0,0,0,0,1,1,0,1,1,1,1,1,1,0,1,0,0,0,0,1,1,1,1,1,1,1,0,1,0,1,1,0.0253164556962025,-0.1008599232478957,1
118,0,0,0,1,1,0,0,1,1,0,1,0,1,0,0,0,1,0,1,1,1,1,1,1,1,0,0,0,0,0,1,0,1,0,0,0,1,1,0,0,1,1,0,0,1,0,0,1,0,1,1,1,1,0,0,0,0,0,1,0,1,0,1,0,1,0,0,1,0,1,0,1,1,1,1,1,0,0,0,0.0253164556962025,-0.097917204292124,1
119,0,0,0,1,0,0,0,1,1,0,1,1,1,0,0,1,1,0,1,1,1,1,1,0,1,0,0,0,1,1,0,0,1,0,0,0,1,1,0,1,1,1,0,0,1,1,0,1,0,1,1,1,1,1,0,0,0,1,1,0,1,0,1,0,0,0,0,1,0,1,0,1,1,1,1,1,0,1,0,0.0126582278481012,-0.0986598706844777,1
120,0,1,1,0,0,0,0,1,1,0,1,1,0,0,1,1,0,0,0,1,1,0,0,1,0,0,0,0,1,0,0,1,0,1,0,1,1,1,1,0,1,0,0,0,1,0,0,1,1,1,1,1,1,1,1,0,0,1,1,0,1,1,1,1,0,0,0,1,0,0,0,1,0,0,1,1,0,0,1,0.0,-0.0942288458999938,1
121,1,0,0,0,1,1,0,0,1,1,1,1,0,0,1,0,0,0,0,0,1,1,0,1,0,0,1,1,0,1,0,0,1,1,1,1,0,0,1,1,1,0,1,1,1,0,0,1,1,1,1,1,0,0,1,0,0,0,0,1,0,1,0,1,1,1,0,1,0,0,0,1,0,0,1,0,1,0,0,0.0,-0.094157492843883,1
122,0,0,1,0,1,0,0,1,1,0,1,1,1,1,1,1,0,0,0,1,1,1,1,0,0,0,1,0,0,0,0,0,0,1,1,1,1,1,1,1,1,0,0,0,1,0,1,1,1,0,1,1,1,0,1,1,1,1,0,1,0,0,1,0,0,0,0,1,0,0,0,1,0,1,1,0,0,0,0,0.0,-0.0941146810102167,1
123,0,1,1,0,1,1,1,0,1,1,1,0,1,0,1,1,0,1,0,1,0,1,0,0,1,0,1,0,0,0,0,0,1,0,1,0,0,1,1,0,0,0,0,0,0,0,1,1,0,1,1,0,0,0,0,1,1,1,0,1,0,1,0,0,1,1,1,1,0,0,1,0,1,1,0,0,1,0,0,0.0126582278481012,-0.0913741290467587,1
124,0,0,1,1,0,0,0,1,1,0,1,0,1,0,1,1,1,1,0,1,1,1,0,0,0,0,0,0,1,0,1,0,1,0,0,0,1,1,0,1,1,1,0,0,1,0,1,1,0,1,1,1,1,0,0,0,1,1,1,0,1,0,1,0,0,0,0,1,0,1,0,1,1,1,0,1,0,1,1,0.0126582278481012,-0.0956963404206734,1
125,0,0,0,1,0,0,0,1,1,0,1,1,0,0,0,1,1,0,1,1,1,1,1,1,1,0,0,0,1,1,0,0,0,0,0,1,1,1,1,1,1,1,1,0,1,0,0,1,0,1,1,1,1,0,0,0,0,1,1,0,1,0,1,0,0,0,0,1,0,0,1,1,0,1,1,1,0,0,0,0.0,-0.093236443811252,1
126,0,0,1,0,1,1,1,1,1,1,1,0,1,0,1,1,0,1,0,0,0,1,1,1,0,1,0,0,0,0,0,0,1,0,1,1,0,1,1,1,1,1,0,0,1,0,0,1,0,1,1,1,1,1,1,0,0,0,1,0,1,0,0,0,0,0,1,0,0,1,0,0,1,0,1,0,1,0,0,0.0,-0.0931222789214748,1
127,1,0,0,0,1,0,0,1,1,1,1,1,0,0,1,1,0,0,0,0,1,0,0,1,0,1,0,0,1,1,0,1,0,1,0,1,0,1,0,0,1,0,1,0,0,0,0,1,1,1,1,1,1,1,0,0,0,1,1,1,1,1,1,1,0,0,0,1,1,0,0,1,0,0,1,0,0,1,1,0.0126582278481012,-0.0931531985791228,1
128,1,0,0,1,0,0,0,0,0,0,0,1,0,1,0,0,1,0,1,1,1,1,1,1,1,1,0,1,1,1,1,1,0,0,0,0,1,0,0,0,1,1,1,0,1,1,0,0,0,1,0,1,1,0,0,0,0,1,1,0,1,0,1,1,0,0,0,1,1,1,1,1,0,1,1,1,0,1,1,0.050632911392405,-0.1114463383395428,1
129,0,0,1,0,1,1,1,0,1,0,1,0,1,0,1,1,0,1,0,1,0,1,0,0,0,1,0,0,0,0,0,0,1,0,1,0,0,1,1,0,0,0,0,0,0,0,1,1,1,1,1,1,0,0,0,1,1,1,0,1,0,1,1,0,1,1,1,1,0,1,0,0,1,0,0,0,1,0,0,0.050632911392405,-0.1017090246156151,1
130,1,0,1,1,1,1,1,0,0,0,0,0,1,1,0,1,1,1,0,0,0,1,0,0,1,1,1,0,0,0,1,0,1,0,1,0,0,1,0,0,0,1,0,0,0,0,1,1,1,0,1,1,0,0,1,1,1,0,0,0,1,0,1,0,1,1,1,0,1,1,1,0,1,1,0,0,0,0,1,0.0,-0.0930461689949563,1
131,0,0,0,0,1,1,0,1,1,1,1,1,1,0,1,1,0,0,0,0,1,1,0,1,0,0,0,0,0,0,0,0,1,1,0,1,0,1,1,1,1,0,0,0,0,0,0,1,1,1,1,1,1,1,0,0,0,0,1,1,1,1,0,1,0,1,0,1,0,0,0,1,1,0,1,0,1,0,0,0.0126582278481012,-0.0956059598829331,1
132,0,1,1,1,1,0,0,1,1,0,1,1,1,1,1,1,1,1,0,1,1,0,0,0,0,0,0,0,0,0,0,1,0,0,0,0,0,1,1,0,1,1,1,0,0,1,1,1,1,0,1,1,1,0,0,1,1,1,1,1,0,1,1,0,0,0,0,1,1,1,0,0,1,0,0,0,0,1,1,0.0126582278481012,-0.0977869849647218,1
133,0,0,1,0,1,1,1,1,1,1,1,1,1,0,1,1,0,0,0,0,1,1,1,1,0,0,1,0,0,0,0,0,1,1,1,1,0,1,1,1,1,0,0,0,1,0,1,1,1,1,1,1,1,1,1,0,0,0,1,1,1,0,1,1,0,1,0,0,0,0,0,0,0,0,1,0,1,0,0,0.0,-0.09234690904507,1
134,0,1,1,1,0,1,1,1,1,0,1,0,1,0,1,1,1,1,0,1,0,0,0,0,1,1,0,0,1,0,0,1,1,0,0,0,1,1,0,0,0,1,1,0,0,1,0,1,1,1,1,1,1,1,0,0,0,0,1,0,1,1,1,0,1,0,1,1,1,1,0,0,1,0,0,1,0,1,1,0.0126582278481012,-0.0916143510023318,1
135,0,0,0,1,0,0,0,1,1,0,1,0,1,1,1,1,1,0,1,1,1,1,0,1,1,0,0,0,1,0,1,0,1,0,0,0,0,1,0,1,1,1,0,0,1,1,0,1,0,1,1,1,1,0,0,0,1,1,1,0,1,0,0,0,0,0,0,1,0,1,1,1,1,1,1,1,0,0,1,0.0,-0.0922874481649775,1
136,0,1,1,1,1,0,0,1,1,0,0,1,1,1,1,1,1,1,0,1,0,0,0,0,0,0,0,0,1,0,0,1,0,0,0,0,0,1,1,1,1,1,1,0,0,0,0,1,1,0,1,1,1,1,0,1,1,1,1,1,1,1,1,0,0,0,0,1,1,1,0,0,1,0,0,1,1,1,1,0.0,-0.0922143112824639,1
137,0,0,1,1,1,0,0,1,1,0,1,1,0,0,1,1,1,1,0,0,1,0,1,1,0,1,0,0,1,0,0,1,0,0,0,0,0,1,0,1,1,1,1,0,0,0,0,1,1,1,1,1,1,1,0,0,0,1,1,0,1,1,1,1,0,0,0,1,1,1,0,0,1,0,1,1,0,1,1,0.0126582278481012,-0.0961642975470006,1
138,0,0,1,0,0,0,0,1,1,0,1,1,0,0,1,1,0,0,1,1,1,1,1,1,0,0,0,0,1,0,0,0,0,0,0,1,1,1,1,1,1,1,1,0,1,0,0,0,0,1,1,0,1,1,0,0,1,1,1,1,1,0,1,1,0,0,0,1,0,0,0,1,0,1,1,1,0,0,0,0.0126582278481012,-0.094328740178549,1
139,0,1,0,1,1,0,0,1,1,0,1,0,1,1,0,0,1,1,1,1,1,1,1,1,1,0,0,0,0,0,1,0,1,0,0,0,1,1,1,1,1,1,0,0,1,1,1,1,0,1,1,1,0,0,0,1,1,0,1,0,1,0,1,0,1,0,0,1,0,1,1,1,1,1,1,1,0,0,0,0.0253164556962025,-0.0962552726935419,1
140,0,0,0,1,0,0,0,1,1,0,1,0,0,0,0,0,1,0,1,1,1,1,1,0,1,0,0,0,1,1,1,0,1,0,0,1,1,1,0,1,1,1,0,0,1,1,0,1,0,1,0,1,1,0,0,0,0,1,1,0,1,0,1,0,0,0,0,1,0,1,0,1,1,1,0,1,0,1,0,0.0253164556962025,-0.1003551003759115,1
141,0,0,0,0,0,0,0,1,1,0,1,1,0,0,1,1,1,0,0,1,1,0,0,0,0,0,0,0,1,1,0,0,1,1,0,1,1,1,1,1,1,0,0,0,1,0,0,1,1,1,1,1,1,1,1,0,0,1,0,1,1,1,1,0,0,0,0,1,0,0,0,1,0,0,1,0,0,0,1,0.0126582278481012,-0.0926703762327726,1
142,0,0,1,1,0,0,0,1,1,0,1,0,1,0,0,1,1,0,1,1,1,1,1,1,1,0,0,0,0,0,1,0,0,0,0,0,1,1,0,0,1,1,1,0,1,1,0,0,0,1,0,1,1,0,0,0,0,0,1,0,1,0,1,1,0,0,0,1,0,1,1,1,1,1,0,1,0,0,0,0.0,-0.0913319118218931,1
143,0,1,0,1,0,0,0,1,1,0,1,1,0,0,1,1,1,0,0,1,1,1,1,1,0,0,1,0,1,1,0,0,1,0,0,1,1,1,1,1,1,0,1,1,1,0,0,1,0,1,0,1,1,1,0,0,0,1,1,1,1,0,1,0,0,0,0,1,0,0,0,1,1,1,1,1,0,0,0,0.0,-0.0909846602821536,1
144,0,0,1,1,1,0,0,1,1,1,1,1,1,0,1,1,1,0,1,1,1,1,1,1,0,0,1,0,1,0,0,0,1,0,0,1,0,1,1,1,1,1,1,0,1,0,0,1,1,1,1,1,1,1,1,0,0,1,1,1,1,1,1,1,0,0,0,1,0,0,0,0,0,0,1,0,1,0,0,0.0126582278481012,-0.0908324404291172,1
145,1,0,0,0,0,0,0,1,1,0,1,1,0,0,1,1,0,0,1,0,1,1,0,1,0,0,0,0,1,1,0,0,0,1,0,0,0,1,0,1,1,1,1,1,0,1,0,1,1,1,1,1,1,1,0,0,0,1,0,1,1,0,1,1,0,0,0,1,0,0,1,1,0,1,1,0,0,0,0,0.0,-0.090865143913168,1
146,0,0,0,1,0,0,0,1,1,0,1,1,0,0,1,1,1,0,0,1,1,1,1,0,0,0,0,0,1,1,0,0,1,0,0,1,1,1,1,1,1,1,0,0,1,0,0,1,0,1,0,1,1,0,0,1,1,1,1,1,1,0,1,0,0,0,0,1,0,0,0,1,0,1,1,1,0,0,0,0.0,-0.0908199536442976,1
147,0,0,1,0,1,1,0,1,1,1,1,1,1,0,1,1,1,1,0,1,0,0,0,0,0,0,1,0,0,0,0,0,1,0,1,1,0,1,1,1,1,0,0,0,0,0,1,1,1,0,1,1,1,0,0,1,0,0,1,1,0,0,1,0,1,0,0,1,0,1,0,0,1,0,1,0,1,0,0,0.0126582278481012,-0.0942686846896559,1
148,1,0,1,1,0,0,0,1,1,0,1,1,0,1,1,1,1,0,0,1,1,1,0,1,0,0,0,0,1,1,1,0,0,1,0,0,0,1,0,1,1,1,1,1,1,1,1,1,1,0,1,1,1,0,0,0,1,1,0,0,1,0,1,1,0,0,0,1,0,0,1,1,0,1,1,0,0,0,1,0.0,-0.0904447554909148,1
149,0,1,1,0,0,0,0,1,1,0,1,1,1,0,1,1,0,0,0,1,1,1,0,0,0,0,1,0,1,1,0,0,0,1,1,1,1,1,1,0,1,0,0,1,1,0,1,1,1,0,1,0,1,1,1,0,1,1,1,1,0,1,1,0,0,0,1,1,0,0,0,1,0,1,1,0,1,0,0,0.0126582278481012,-0.0900332862006757,1
150,1,0,1,0,0,0,0,1,1,0,1,1,0,1,1,1,0,1,0,0,1,0,1,1,0,0,0,1,0,0,0,0,0,1,0,0,0,1,0,0,1,1,1,0,0,1,1,1,1,0,1,1,1,0,0,1,1,1,0,0,0,1,1,1,0,0,0,1,1,0,1,1,0,1,1,0,0,1,1,0.0253164556962025,-0.0972583777407004,1
151,0,1,0,1,0,0,0,1,0,0,1,0,1,0,1,1,1,1,0,1,0,0,0,0,1,1,0,0,1,1,0,1,1,0,0,0,1,1,0,0,0,1,1,0,0,0,0,1,0,1,1,1,1,1,0,0,0,0,1,0,1,1,1,0,0,0,1,1,1,1,0,0,1,0,0,1,0,1,1,0.0126582278481012,-0.0951968690278976,1
152,0,0,1,1,1,0,0,1,1,0,1,1,1,0,0,1,1,1,0,1,1,1,1,1,1,0,0,0,1,0,1,0,1,0,0,0,1,1,0,0,1,1,0,0,1,0,1,1,0,1,0,1,1,0,0,0,1,1,1,0,1,0,1,0,0,0,0,1,0,1,1,1,1,1,1,1,0,0,0,0.0126582278481012,-0.0947901566080657,1
153,0,1,0,1,1,0,0,1,1,0,1,1,0,0,1,0,1,0,0,1,1,1,0,1,0,0,0,1,1,1,0,1,1,0,0,1,1,0,1,1,1,0,1,0,1,0,0,1,0,1,0,1,1,1,0,0,0,1,1,1,1,0,0,1,0,0,0,1,0,0,0,1,1,0,1,1,1,1,0,0.0379746835443038,-0.1008408957662663,1
154,0,1,0,0,1,0,0,1,1,0,1,1,1,0,1,1,1,1,0,1,1,0,1,0,0,1,0,0,0,0,0,0,0,0,0,1,1,1,1,1,1,1,0,0,0,1,0,1,0,0,1,1,1,1,0,1,0,1,1,1,0,1,0,0,0,0,0,1,1,1,0,0,1,0,1,0,0,1,1,0.0126582278481012,-0.0899666900149721,1
155,1,0,1,1,0,0,0,1,0,0,0,0,1,1,1,1,1,1,0,1,0,1,1,0,1,1,0,1,1,0,1,1,1,0,0,0,0,1,0,0,0,1,0,0,1,1,0,0,0,1,1,1,1,1,1,0,1,1,0,0,1,0,0,0,1,0,1,0,1,1,1,1,1,1,0,1,0,0,1,0.0126582278481012,-0.0941664119758966,1
156,1,0,0,1,0,0,0,1,1,0,1,1,0,1,1,0,1,0,1,1,1,1,0,1,0,0,0,1,1,1,0,0,0,0,0,0,1,1,1,0,1,1,1,0,1,1,0,1,0,1,0,1,1,0,0,0,1,1,1,0,1,0,1,1,0,0,0,1,0,0,1,1,0,1,1,1,0,0,0,0.0253164556962025,-0.0947324795543761,1
157,0,0,0,0,0,0,0,1,1,0,1,0,1,0,1,1,1,0,0,1,1,1,1,0,0,0,0,0,1,1,0,0,1,0,0,0,1,1,0,1,1,1,0,0,1,0,1,0,0,1,1,1,1,0,0,0,1,1,1,0,1,0,1,0,0,0,0,1,0,1,0,1,1,1,0,1,0,0,0,0.0253164556962025,-0.0886341716921018,1
158,0,0,0,0,0,0,0,1,1,0,1,1,0,0,1,1,1,0,1,1,1,1,1,1,0,0,0,0,1,1,0,0,1,0,0,1,1,0,1,1,1,0,1,0,1,0,0,1,1,1,0,0,1,1,0,0,0,1,1,1,1,1,1,1,0,0,0,1,0,0,0,1,0,0,1,1,1,0,0,0.0253164556962025,-0.095381792364985,1
159,0,0,0,1,0,0,0,1,1,0,1,1,1,0,1,0,1,0,1,1,1,1,1,1,0,0,0,0,0,1,0,0,1,0,0,1,1,1,1,1,1,1,1,0,1,0,0,1,0,1,0,1,1,0,0,0,0,1,1,1,1,0,0,1,0,0,0,1,0,1,0,1,1,0,1,1,0,1,0,0.0126582278481012,-0.09028718415867,1
160,0,0,1,0,0,0,0,1,1,0,1,1,0,0,1,1,0,0,0,1,1,0,1,1,0,1,0,0,1,0,0,1,0,0,0,1,1,1,0,1,1,1,1,0,0,0,0,1,1,1,1,1,1,1,0,0,0,1,1,0,1,0,1,1,0,0,0,1,0,0,0,1,0,0,1,1,0,0,1,0.0126582278481012,-0.0913342902570968,1
161,0,0,0,1,0,0,0,1,1,0,1,0,1,0,1,1,1,0,1,1,1,1,1,0,1,0,0,0,1,0,1,0,0,0,0,0,1,1,1,1,1,1,0,0,1,0,0,1,0,1,1,1,0,0,0,0,1,1,1,0,1,0,1,0,0,0,0,1,0,1,0,1,1,1,1,1,0,0,0,0.0632911392405063,-0.0996653541668399,1
162,0,0,1,1,1,0,0,1,1,0,1,1,0,0,1,1,1,1,1,1,1,1,1,0,0,0,0,0,1,0,0,0,1,0,0,0,0,1,1,1,1,1,0,0,1,0,1,1,0,1,1,1,0,0,0,1,1,1,0,0,1,0,1,0,0,0,0,1,0,0,0,1,1,1,1,1,0,0,0,0.0253164556962025,-0.0947324795543762,1
163,1,0,0,0,1,0,0,1,1,1,1,1,0,0,1,1,0,0,0,0,1,1,0,1,0,1,0,0,1,1,0,1,0,1,0,0,0,1,0,1,0,0,1,1,0,0,0,1,1,1,1,1,1,1,0,0,0,1,1,1,1,1,1,1,0,0,0,1,1,0,0,1,0,0,0,0,0,1,1,0.0253164556962025,-0.0961387293685611,1
164,0,0,0,1,0,0,0,1,0,0,0,0,1,0,1,1,1,1,1,1,0,1,0,0,1,0,0,1,1,1,1,0,1,0,0,0,1,1,0,0,1,1,0,0,1,1,0,0,0,0,0,0,1,1,1,0,1,1,1,0,1,0,0,0,0,0,1,0,1,1,1,1,1,1,0,1,0,1,1,0.0379746835443038,-0.0958628308849322,1
165,0,1,0,1,0,0,0,1,1,0,1,1,1,0,1,0,1,0,1,1,1,1,0,0,1,0,0,0,1,1,0,0,1,0,0,1,1,1,0,1,1,1,1,0,1,0,0,1,0,1,1,1,1,0,0,0,0,1,1,1,1,1,1,0,0,0,0,1,0,1,0,1,1,1,0,1,0,1,0,0.0253164556962025,-0.0959764011659086,1
166,0,1,0,1,1,0,0,1,1,1,1,1,1,0,1,1,1,1,0,0,1,0,0,0,0,1,0,0,0,0,0,1,1,1,0,1,0,1,1,1,1,0,0,0,0,0,0,1,1,0,1,1,1,1,1,0,0,1,1,1,0,1,0,1,0,0,0,1,1,1,0,0,1,0,1,0,1,1,1,0.050632911392405,-0.0876233367305314,1
167,0,0,0,1,0,0,0,1,1,0,1,1,0,0,1,1,1,0,1,1,1,1,1,1,0,0,0,0,1,1,0,0,1,0,0,1,1,1,0,1,1,1,1,0,1,0,0,1,1,1,1,1,1,0,0,0,0,1,1,1,1,0,1,1,0,0,0,1,0,0,0,1,0,1,1,1,0,0,0,0.0126582278481012,-0.0889172054813415,1
168,0,0,1,1,1,0,0,1,1,0,1,1,1,0,1,1,1,0,0,0,1,1,1,1,0,0,0,0,0,0,0,0,1,0,0,0,0,1,0,1,1,1,1,0,1,0,0,1,1,1,1,1,1,1,0,0,0,1,1,1,1,1,0,1,0,0,0,1,0,1,0,1,1,0,1,1,0,0,0,0.0126582278481012,-0.0893197556395671,1
169,0,1,0,1,0,1,1,1,1,0,1,0,1,0,1,1,1,0,1,1,0,1,0,0,1,0,0,0,1,1,0,0,1,0,0,0,1,1,1,0,1,1,1,0,1,1,0,0,0,1,0,0,1,0,0,0,1,1,1,1,1,1,0,0,0,0,1,1,0,1,1,0,1,1,0,1,1,1,0,0.0253164556962025,-0.092782757296147,1
170,1,0,0,0,1,0,0,1,1,1,1,1,0,0,1,1,0,0,1,0,1,0,1,1,0,1,0,0,1,0,0,1,0,1,0,0,0,1,0,1,1,1,1,0,0,1,0,1,1,0,1,1,1,1,0,0,0,1,1,0,1,1,0,1,0,0,0,0,1,1,1,0,1,0,1,0,0,1,1,0.0126582278481012,-0.0874146290414072,1
171,0,1,1,0,1,0,1,1,1,0,0,1,1,0,1,1,0,1,0,0,0,1,0,0,0,0,1,0,0,0,0,0,1,0,1,1,0,1,1,0,0,0,0,0,0,0,1,1,1,0,1,0,1,1,1,0,1,1,1,1,0,1,1,0,1,0,1,0,0,0,0,1,1,0,0,0,1,1,1,0.0253164556962025,-0.097691847556574,1
172,1,0,0,0,0,0,0,1,1,0,1,1,0,0,1,1,1,0,0,1,1,0,0,1,0,0,0,1,1,1,0,1,0,1,0,0,1,1,0,1,1,0,1,0,0,1,0,1,1,1,1,1,1,1,0,0,0,1,1,0,1,1,1,1,0,0,0,1,1,0,0,1,0,0,0,1,0,1,1,0.0253164556962025,-0.0944684732467661,1
173,0,0,0,1,0,0,0,1,1,0,1,1,1,0,1,1,1,0,1,1,1,1,1,0,1,0,0,0,1,1,0,0,1,0,0,1,1,1,1,1,1,0,1,0,1,0,0,1,0,1,0,1,0,1,0,0,1,1,1,1,1,0,1,0,0,0,0,1,0,0,0,1,0,1,1,1,0,0,0,0.0126582278481012,-0.0881061590768815,1
174,0,0,1,0,0,0,1,1,1,0,1,0,1,0,1,1,1,1,1,1,1,1,1,1,0,0,0,0,1,1,0,0,1,0,0,0,1,1,0,1,1,1,0,0,1,1,0,1,0,1,1,1,0,0,0,0,1,1,1,0,1,0,1,0,0,0,0,1,0,1,0,1,1,1,1,1,0,0,0,0.0126582278481012,-0.0908033045978718,1
175,0,0,1,1,1,0,0,1,1,0,1,1,1,1,1,1,1,1,0,1,1,0,1,0,0,0,0,0,0,0,0,0,1,0,0,0,0,1,1,1,1,1,0,0,1,0,1,0,0,1,1,1,0,0,1,1,1,1,0,0,1,0,1,0,0,0,0,1,0,1,0,1,1,1,1,1,0,0,0,0.0379746835443038,-0.0907700065050202,1
176,1,0,0,0,0,0,0,1,1,0,1,1,0,0,1,1,1,0,1,1,1,1,1,1,0,0,0,0,1,1,0,0,0,1,0,1,1,1,1,1,1,0,1,0,0,1,0,1,0,0,0,1,1,1,0,0,1,1,1,1,1,1,1,0,0,0,0,1,0,0,1,1,0,1,1,0,0,1,0,0.0379746835443038,-0.0994447543016972,1
177,0,0,0,1,1,0,0,1,1,0,1,1,0,0,1,0,1,0,0,1,1,1,0,1,0,0,0,0,1,1,0,0,1,0,0,1,1,1,1,1,1,0,0,1,1,0,0,1,0,1,0,1,0,1,1,0,1,1,0,1,1,0,1,0,0,0,0,1,0,0,0,1,1,1,1,1,0,0,0,0.0379746835443038,-0.0899191213108981,1
178,0,0,1,0,0,0,0,1,1,0,1,1,0,0,1,1,1,1,0,0,1,0,1,0,0,1,1,0,0,0,0,0,1,1,0,1,0,1,1,1,1,1,1,0,0,0,0,1,1,0,1,0,1,1,1,0,0,1,1,1,0,1,0,1,0,0,0,1,1,1,0,0,0,0,1,0,0,1,1,0.0126582278481012,-0.0899381487925278,1
179,1,0,0,0,1,0,0,1,1,0,1,1,0,0,1,1,0,0,0,0,1,0,0,1,0,1,0,0,1,1,0,1,0,1,0,0,0,0,0,1,1,0,1,1,0,0,0,1,1,1,1,1,1,1,0,0,0,1,1,1,0,1,1,1,0,0,0,1,1,0,1,1,0,0,1,0,0,1,1,0.0379746835443038,-0.0921477150967606,1
180,0,0,0,0,1,1,0,1,1,1,1,1,1,0,1,1,1,1,0,1,1,0,0,0,0,1,0,0,1,0,0,1,1,0,0,1,0,1,1,1,1,0,0,0,0,0,0,1,1,1,1,1,1,1,0,0,0,1,1,1,0,1,0,0,0,0,1,1,0,1,0,0,1,0,1,0,0,1,1,0.0126582278481012,-0.0873527897261111,1
181,0,0,1,1,1,0,0,1,1,0,1,1,1,0,1,1,1,1,1,1,1,1,0,0,0,0,0,0,0,0,0,0,1,0,0,0,0,1,1,1,1,1,0,0,0,1,1,1,1,0,1,1,1,0,0,1,1,1,1,1,0,0,1,1,0,0,0,1,0,1,0,0,1,0,1,0,0,1,1,0.0379746835443038,-0.0867361803995531,1
182,0,0,0,0,0,0,0,1,1,0,1,1,0,0,1,1,1,0,0,1,1,1,0,1,0,0,0,0,1,1,0,0,0,1,0,0,0,1,1,1,1,0,1,1,0,0,0,1,1,1,1,1,1,1,0,0,0,1,0,1,1,1,1,1,0,0,0,1,0,0,0,1,0,0,1,0,0,0,0,0.0253164556962025,-0.095522714650804,1
183,0,0,0,0,1,0,0,1,1,1,1,1,0,0,1,1,0,0,0,0,1,0,0,0,0,1,0,0,0,0,0,0,0,1,0,1,0,1,0,1,1,0,0,0,0,0,0,1,1,0,1,1,1,1,0,0,0,1,1,0,0,1,0,1,0,0,0,1,1,1,0,0,1,0,1,0,0,1,1,0.0253164556962025,-0.0909846602821537,1
184,1,0,1,1,0,0,0,1,0,0,0,0,1,1,1,1,1,1,1,1,0,1,1,0,1,1,0,1,1,1,1,0,1,0,0,0,0,1,0,1,0,1,1,0,1,1,0,0,0,0,1,0,1,1,1,0,1,1,1,0,1,0,0,0,0,0,1,1,1,1,1,1,1,1,1,1,0,1,1,0.0126582278481012,-0.0837892991821749,1
185,0,0,0,0,1,0,0,1,1,1,1,1,0,0,1,1,0,0,0,0,1,1,0,1,0,0,0,0,1,1,0,0,1,1,0,1,0,1,1,1,1,0,1,1,1,0,0,1,1,1,1,0,1,1,1,0,0,1,1,1,1,1,1,1,0,0,0,1,0,0,0,1,0,0,1,0,1,0,0,0.0253164556962025,-0.0895338148078996,1
186,1,0,1,0,1,0,0,1,1,0,1,1,0,0,1,1,0,0,0,0,1,0,1,1,0,1,1,0,1,0,0,1,0,1,0,1,0,1,1,1,1,0,1,1,0,0,1,1,1,0,1,1,1,1,1,0,1,1,0,1,0,1,1,1,0,0,0,1,1,0,0,1,0,0,1,0,0,1,1,0.0253164556962025,-0.0906391925688171,1
187,1,0,1,1,0,0,0,1,1,0,1,1,0,1,1,1,1,0,1,1,1,0,1,1,0,0,0,0,1,0,1,1,0,0,0,0,1,1,0,0,1,1,1,0,0,1,0,0,1,1,1,1,1,0,0,0,0,1,1,0,1,0,1,1,0,0,0,1,1,1,0,0,0,0,0,1,0,1,1,0.0126582278481012,-0.0858371318925564,1
188,1,0,1,1,0,0,0,1,1,0,0,1,1,1,1,1,1,0,1,1,1,0,1,0,0,0,0,0,1,0,1,1,0,0,0,0,0,1,0,1,1,1,1,0,0,1,0,0,1,0,1,1,1,1,0,1,1,1,1,0,1,0,1,1,0,0,1,1,1,1,0,0,1,0,0,1,0,1,1,0.0126582278481012,-0.0802388900318589,1
189,1,0,0,0,0,0,0,1,1,0,0,1,0,0,1,1,1,0,0,0,1,0,1,1,0,1,0,1,1,1,0,1,0,1,0,0,1,0,0,1,1,0,1,0,0,1,0,1,1,0,0,1,1,1,0,0,0,1,1,1,1,1,1,1,0,0,0,1,1,0,1,1,0,0,1,0,0,1,1,0.0126582278481012,-0.0899666900149722,1
190,0,0,1,0,0,0,0,1,1,0,1,1,0,0,1,1,1,1,0,1,1,0,1,1,0,1,0,0,1,0,0,1,0,0,0,0,1,1,0,0,1,1,1,0,0,1,0,1,1,1,1,1,1,1,0,0,0,1,1,0,1,1,1,1,0,0,0,1,1,1,0,0,1,0,1,1,0,1,1,0.0379746835443038,-0.0916143510023319,1
191,0,0,0,1,1,0,0,1,1,0,1,1,1,0,1,1,1,1,1,1,1,1,1,1,0,0,0,0,1,0,0,1,1,0,0,0,0,1,1,1,1,1,0,0,1,0,0,1,1,1,1,1,1,1,0,0,0,1,1,1,1,0,1,1,0,0,0,1,0,0,0,1,1,0,1,1,1,0,0,0.0253164556962025,-0.0865322295808363,1
192,1,0,1,0,1,0,0,1,1,0,1,1,1,1,1,1,1,1,0,0,0,0,1,0,0,1,1,1,0,0,0,1,0,0,0,0,0,1,1,0,0,1,1,0,0,1,0,1,1,0,1,1,1,0,0,1,1,1,1,1,0,1,1,1,0,0,0,1,1,1,0,0,1,0,0,0,0,1,1,0.0253164556962025,-0.0890575331583596,1
193,1,1,0,1,0,0,0,1,1,0,0,1,0,0,1,1,1,0,1,1,1,0,0,0,0,0,0,0,1,1,0,1,0,0,0,0,1,0,0,1,1,0,1,0,0,1,0,1,1,0,0,1,1,1,0,0,0,1,1,1,1,1,1,1,0,0,0,1,1,0,0,1,0,0,1,1,0,1,1,0.0126582278481012,-0.0854714474799883,1
194,1,0,1,0,1,0,0,1,1,1,1,1,0,0,1,1,0,0,0,0,1,0,0,1,0,1,0,0,1,0,0,1,0,1,0,0,0,1,0,1,1,1,1,0,0,0,0,1,1,1,1,1,1,1,0,0,0,1,1,0,1,1,1,1,0,0,0,1,1,0,0,1,0,0,1,0,0,0,1,0.0253164556962025,-0.0921334444855384,1
195,0,0,0,1,0,0,0,1,1,0,1,1,1,1,1,1,1,1,0,1,1,1,0,0,0,0,0,0,0,1,0,0,1,1,1,1,0,1,1,1,1,0,0,0,1,0,1,1,0,0,1,1,0,0,1,0,1,1,0,0,0,0,1,0,0,0,0,1,0,1,0,1,1,1,1,0,0,0,0,0.0253164556962025,-0.086293791451666,1
196,0,0,0,1,0,0,0,0,0,0,0,0,1,1,1,1,1,1,1,1,0,1,0,0,1,1,0,1,1,0,1,1,1,0,0,0,0,1,0,0,0,1,0,0,0,1,0,0,0,1,0,1,1,1,0,0,1,1,0,0,1,0,1,0,1,1,1,0,1,1,1,1,1,1,0,1,0,0,1,0.0253164556962025,-0.0852336039596188,1
197,0,0,0,1,0,0,0,1,1,0,1,1,1,0,1,1,1,1,0,1,1,0,0,1,0,1,0,0,1,0,0,1,1,0,0,0,0,1,0,1,1,1,1,0,0,0,0,1,1,1,1,1,1,1,0,0,0,1,1,0,1,1,1,1,0,0,0,1,1,1,0,0,1,0,1,1,1,1,1,0.0253164556962025,-0.0850837625417859,1
198,0,1,0,1,0,0,0,1,1,0,1,1,0,0,1,0,1,0,1,1,1,0,0,1,0,0,0,1,1,1,0,1,1,0,0,1,1,0,1,1,1,0,1,0,1,0,0,1,0,1,0,1,0,1,0,0,0,1,1,1,1,0,1,0,0,0,0,1,0,0,0,1,1,0,0,1,1,1,0,0.050632911392405,-0.1051862968834174,1
199,1,0,0,0,0,0,0,1,1,0,1,1,0,0,1,1,0,0,0,0,1,0,1,1,0,1,0,1,1,1,0,1,0,1,0,1,1,1,0,1,1,0,1,0,0,0,0,1,1,0,1,1,1,1,0,0,0,1,1,1,1,1,1,1,0,0,0,1,1,0,0,1,0,0,1,0,0,1,1,0.0632911392405063,-0.0936009390062184,1
200,1,0,0,0,1,0,0,1,1,0,1,1,0,0,1,1,0,0,0,0,1,0,1,1,0,1,0,0,1,1,0,1,0,1,0,1,0,1,0,1,1,0,1,1,0,0,0,1,1,1,1,1,1,1,1,0,0,1,1,0,1,1,1,1,0,0,1,1,0,0,0,1,0,0,1,0,0,1,1,0.0379746835443038,-0.0877547452755357,1
201,0,0,1,0,1,0,0,1,1,0,1,1,1,0,1,1,1,0,0,0,1,1,1,1,1,0,0,0,0,0,0,0,1,0,0,1,1,1,0,1,1,0,0,0,1,0,0,1,1,1,1,1,0,1,1,0,1,0,1,0,1,0,1,0,0,0,1,1,0,0,0,1,1,0,0,1,0,0,0,0.0379746835443038,-0.0869722400935201,1
202,0,0,0,1,1,1,0,1,1,0,1,1,1,0,1,0,1,0,0,1,1,1,1,1,0,0,0,0,1,1,0,1,1,0,0,0,0,0,1,1,1,0,1,1,1,0,0,1,0,1,0,1,0,0,0,1,0,1,1,1,0,0,1,1,0,0,0,1,0,1,0,1,1,0,1,1,1,1,0,0.0253164556962025,-0.0846175892418617,1
203,1,0,0,0,1,0,0,1,1,0,1,1,0,1,1,1,0,0,0,0,1,1,1,1,0,0,0,0,1,1,0,0,0,1,0,1,0,1,1,1,1,1,1,1,1,1,1,1,1,1,1,1,1,1,1,0,0,1,0,0,1,0,1,1,0,0,0,1,0,0,1,1,0,1,1,0,0,0,1,0.050632911392405,-0.0759523551859994,1
204,0,1,0,0,0,0,0,1,1,0,1,1,0,0,1,1,1,0,1,1,1,1,1,1,0,0,0,0,1,1,0,1,0,1,0,1,1,1,1,1,1,1,1,0,1,0,0,1,1,0,0,0,1,1,0,1,0,1,1,1,1,1,1,1,0,0,0,1,0,0,0,1,0,1,1,1,1,0,0,0.0632911392405063,-0.095943697681858,1
